Name,Time,Picture
,5d41a082abac11.86683977.jpg,check faces/5d41a082abac11.86683977.jpg
,5d41a082c166a9.60891363.jpg,check faces/5d41a082c166a9.60891363.jpg
,5d41a082d71871.09691778.jpg,check faces/5d41a082d71871.09691778.jpg
,5d41a083be24b7.07282658.jpg,check faces/5d41a083be24b7.07282658.jpg
,5d41a0a02c2969.66770452.jpg,check faces/5d41a0a02c2969.66770452.jpg
,5d41a0a03c6ed2.89410729.jpg,check faces/5d41a0a03c6ed2.89410729.jpg
,5d41a0a0ae5b32.16335319.jpg,check faces/5d41a0a0ae5b32.16335319.jpg
,5d41a0a0ef5ff9.33786240.jpg,check faces/5d41a0a0ef5ff9.33786240.jpg
